Type,Word
noun,actor
noun,advertisement
noun,afternoon
noun,airport
noun,ambulance
noun,animal
noun,answer
noun,apple
noun,army
noun,australia
noun,balloon
noun,banana
noun,battery
noun,beach
noun,beard
noun,bed
noun,belgium
noun,boy
noun,branch
noun,breakfast
noun,brother
noun,camera
noun,candle
noun,car
noun,caravan
noun,carpet
noun,cartoon
noun,china
noun,church
noun,crayon
noun,crowd
noun,daughter
noun,death
noun,denmark
noun,diamond
noun,dinner
noun,disease
noun,doctor
noun,dog
noun,dream
noun,dress
noun,easter
noun,egg
noun,eggplant
noun,egypt
noun,elephant
noun,energy
noun,engine
noun,england
noun,evening
noun,eye
noun,family
noun,finland
noun,fish
noun,flag
noun,flower
noun,football
noun,forest
noun,fountain
noun,france
noun,furniture
noun,garage
noun,gold
noun,grass
noun,greece
noun,guitar
noun,hair
noun,hamburger
noun,helicopter
noun,helmet
noun,holiday
noun,honey
noun,horse
noun,hospital
noun,house
noun,hydrogen
noun,ice
noun,insect
noun,insurance
noun,iron
noun,island
noun,jackal
noun,jelly
noun,jewellery
noun,jordan
noun,juice
noun,kangaroo
noun,king
noun,kitchen
noun,kite
noun,knife
noun,lamp
noun,lawyer
noun,leather
noun,library
noun,lighter
noun,lion
noun,lizard
noun,lock
noun,london
noun,lunch
noun,machine
noun,magazine
noun,magician
noun,manchester
noun,market
noun,match
noun,microphone
noun,monkey
noun,morning
noun,motorcycle
noun,nail
noun,napkin
noun,needle
noun,nest
noun,nigeria
noun,night
noun,notebook
noun,ocean
noun,oil
noun,orange
noun,oxygen
noun,oyster
noun,ghost
noun,painting
noun,parrot
noun,pencil
noun,piano
noun,pillow
noun,pizza
noun,planet
noun,plastic
noun,portugal
noun,potato
noun,queen
noun,quill
noun,rain
noun,rainbow
noun,raincoat
noun,refrigerator
noun,restaurant
noun,river
noun,rocket
noun,room
noun,rose
noun,russia
noun,sandwich
noun,school
noun,scooter
noun,shampoo
noun,shoe
noun,soccer
noun,spoon
noun,stone
noun,sugar
noun,sweden
noun,teacher
noun,telephone
noun,television
noun,tent
noun,thailand
noun,tomato
noun,toothbrush
noun,traffic
noun,train
noun,truck
noun,uganda
noun,umbrella
noun,van
noun,vase
noun,vegetable
noun,vulture
noun,wall
noun,whale
noun,window
noun,wire
noun,xylophone
noun,yacht
noun,yak
noun,zebra
noun,zoo
noun,garden
noun,gas
noun,girl
noun,glass
noun,ability
noun,access
noun,accident
noun,account
noun,act
noun,action
noun,activity
noun,ad
noun,addition
noun,address
noun,administration
noun,advantage
noun,advertising
noun,advice
noun,affair
noun,age
noun,agency
noun,agreement
noun,air
noun,alcohol
noun,ambition
noun,amount
noun,analysis
noun,analyst
noun,anxiety
noun,apartment
noun,appearance
noun,application
noun,appointment
noun,area
noun,argument
noun,arrival
noun,art
noun,article
noun,aspect
noun,assignment
noun,assistance
noun,assistant
noun,association
noun,assumption
noun,atmosphere
noun,attempt
noun,attention
noun,attitude
noun,audience
noun,aunt
noun,average
noun,awareness
noun,back
noun,bad
noun,balance
noun,ball
noun,bank
noun,baseball
noun,basis
noun,basket
noun,bath
noun,bathroom
noun,bedroom
noun,beer
noun,beginning
noun,benefit
noun,bird
noun,birth
noun,birthday
noun,bit
noun,blood
noun,board
noun,boat
noun,body
noun,bonus
noun,book
noun,boss
noun,bottom
noun,box
noun,boyfriend
noun,bread
noun,breath
noun,building
noun,bus
noun,business
noun,buyer
noun,cabinet
noun,cancer
noun,candidate
noun,capital
noun,card
noun,care
noun,career
noun,case
noun,cash
noun,cat
noun,category
noun,cause
noun,celebration
noun,cell
noun,championship
noun,chance
noun,chapter
noun,charity
noun,cheek
noun,chemistry
noun,chest
noun,chicken
noun,child
noun,childhood
noun,chocolate
noun,choice
noun,cigarette
noun,city
noun,class
noun,classroom
noun,client
noun,climate
noun,clothes
noun,coast
noun,coffee
noun,collection
noun,college
noun,combination
noun,committee
noun,communication
noun,community
noun,company
noun,comparison
noun,competition
noun,complaint
noun,computer
noun,concept
noun,conclusion
noun,condition
noun,confusion
noun,connection
noun,consequence
noun,construction
noun,contact
noun,context
noun,contract
noun,contribution
noun,control
noun,conversation
noun,cookie
noun,country
noun,county
noun,courage
noun,course
noun,cousin
noun,craft
noun,credit
noun,criticism
noun,culture
noun,currency
noun,customer
noun,cycle
noun,dad
noun,data
noun,database
noun,date
noun,day
noun,dealer
noun,debt
noun,decision
noun,definition
noun,delivery
noun,demand
noun,department
noun,departure
noun,depression
noun,depth
noun,description
noun,design
noun,desk
noun,development
noun,device
noun,difference
noun,difficulty
noun,direction
noun,director
noun,dirt
noun,disaster
noun,discipline
noun,discussion
noun,disk
noun,distribution
noun,drama
noun,drawer
noun,drawing
noun,driver
noun,ear
noun,earth
noun,economics
noun,economy
noun,editor
noun,education
noun,effect
noun,efficiency
noun,effort
noun,election
noun,elevator
noun,emotion
noun,emphasis
noun,employee
noun,employer
noun,employment
noun,end
noun,entertainment
noun,enthusiasm
noun,entry
noun,environment
noun,equipment
noun,error
noun,establishment
noun,estate
noun,event
noun,exam
noun,examination
noun,example
noun,exchange
noun,excitement
noun,exercise
noun,experience
noun,explanation
noun,expression
noun,extent
noun,face
noun,fact
noun,failure
noun,farmer
noun,fat
noun,feature
noun,feedback
noun,field
noun,figure
noun,film
noun,finding
noun,fire
noun,flight
noun,focus
noun,food
noun,force
noun,form
noun,fortune
noun,foundation
noun,frame
noun,freedom
noun,friendship
noun,fun
noun,funeral
noun,future
noun,game
noun,garbage
noun,gate
noun,gene
noun,gift
noun,girlfriend
noun,goal
noun,government
noun,grandmother
noun,grocery
noun,group
noun,growth
noun,guest
noun,guidance
noun,guide
noun,half
noun,hall
noun,hand
noun,hat
noun,head
noun,health
noun,hearing
noun,heart
noun,heat
noun,height
noun,highway
noun,historian
noun,history
noun,home
noun,homework
noun,hope
noun,hotel
noun,housing
noun,idea
noun,image
noun,imagination
noun,impact
noun,importance
noun,impression
noun,improvement
noun,income
noun,independence
noun,indication
noun,industry
noun,inflation
noun,information
noun,initiative
noun,injury
noun,inside
noun,inspection
noun,inspector
noun,instance
noun,instruction
noun,intention
noun,interaction
noun,interest
noun,internet
noun,introduction
noun,investment
noun,issue
noun,item
noun,job
noun,judgment
noun,key
noun,kind
noun,knowledge
noun,lab
noun,ladder
noun,lady
noun,lake
noun,language
noun,law
noun,leader
noun,leadership
noun,length
noun,level
noun,life
noun,light
noun,line
noun,link
noun,list
noun,literature
noun,location
noun,loss
noun,love
noun,maintenance
noun,mall
noun,man
noun,management
noun,manager
noun,manufacturer
noun,map
noun,marketing
noun,marriage
noun,material
noun,math
noun,matter
noun,meal
noun,meaning
noun,measurement
noun,meat
noun,media
noun,medicine
noun,medium
noun,member
noun,membership
noun,memory
noun,menu
noun,message
noun,metal
noun,method
noun,midnight
noun,mind
noun,mixture
noun,mode
noun,model
noun,mom
noun,moment
noun,money
noun,month
noun,mood
noun,mouse
noun,movie
noun,mud
noun,music
noun,name
noun,nation
noun,nature
noun,negotiation
noun,network
noun,news
noun,newspaper
noun,note
noun,nothing
noun,number
noun,object
noun,obligation
noun,office
noun,operation
noun,opinion
noun,opportunity
noun,order
noun,organization
noun,outcome
noun,outside
noun,oven
noun,owner
noun,page
noun,paint
noun,paper
noun,part
noun,passenger
noun,passion
noun,patience
noun,payment
noun,penalty
noun,people
noun,percentage
noun,perception
noun,performance
noun,period
noun,permission
noun,person
noun,personality
noun,perspective
noun,philosophy
noun,phone
noun,photo
noun,physics
noun,picture
noun,pie
noun,piece
noun,place
noun,plan
noun,platform
noun,player
noun,poem
noun,poet
noun,poetry
noun,point
noun,police
noun,policy
noun,politics
noun,pollution
noun,population
noun,position
noun,possession
noun,possibility
noun,post
noun,pot
noun,power
noun,practice
noun,preference
noun,preparation
noun,presence
noun,presentation
noun,president
noun,pressure
noun,price
noun,priority
noun,problem
noun,procedure
noun,process
noun,product
noun,profession
noun,professor
noun,profit
noun,program
noun,promotion
noun,property
noun,proposal
noun,protection
noun,psychology
noun,purpose
noun,quality
noun,quantity
noun,question
noun,radio
noun,range
noun,rate
noun,ratio
noun,reaction
noun,reality
noun,reason
noun,reception
noun,recipe
noun,recognition
noun,recommendation
noun,record
noun,recording
noun,reflection
noun,region
noun,relation
noun,relationship
noun,replacement
noun,republic
noun,reputation
noun,requirement
noun,research
noun,resolution
noun,resource
noun,response
noun,responsibility
noun,result
noun,revenue
noun,review
noun,revolution
noun,risk
noun,road
noun,rock
noun,role
noun,rule
noun,safety
noun,salad
noun,salt
noun,sample
noun,satisfaction
noun,scale
noun,scene
noun,science
noun,screen
noun,secretary
noun,section
noun,sector
noun,security
noun,selection
noun,sense
noun,series
noun,service
noun,session
noun,setting
noun,shape
noun,share
noun,shirt
noun,side
noun,sign
noun,signature
noun,significance
noun,singer
noun,sir
noun,sister
noun,site
noun,situation
noun,size
noun,skill
noun,society
noun,software
noun,soil
noun,solution
noun,son
noun,song
noun,sound
noun,soup
noun,source
noun,space
noun,speaker
noun,speech
noun,sport
noun,square
noun,standard
noun,star
noun,state
noun,statement
noun,steak
noun,step
noun,stock
noun,storage
noun,store
noun,story
noun,stranger
noun,strategy
noun,stress
noun,structure
noun,student
noun,studio
noun,study
noun,style
noun,subject
noun,success
noun,suggestion
noun,sun
noun,supermarket
noun,surgery
noun,sympathy
noun,system
noun,table
noun,tale
noun,task
noun,tax
noun,tea
noun,technology
noun,temperature
noun,tennis
noun,tension
noun,term
noun,test
noun,thanks
noun,theory
noun,thing
noun,thought
noun,throat
noun,time
noun,tongue
noun,tool
noun,tooth
noun,top
noun,topic
noun,town
noun,trade
noun,tradition
noun,trainer
noun,training
noun,transportation
noun,truth
noun,two
noun,type
noun,uncle
noun,understanding
noun,union
noun,unit
noun,university
noun,user
noun,value
noun,variation
noun,variety
noun,vehicle
noun,version
noun,video
noun,view
noun,village
noun,virus
noun,voice
noun,volume
noun,war
noun,warning
noun,water
noun,way
noun,weakness
noun,wealth
noun,weather
noun,web
noun,wedding
noun,week
noun,while
noun,wife
noun,wind
noun,winner
noun,woman
noun,wood
noun,word
noun,work
noun,worker
noun,world
noun,writer
noun,writing
noun,year
noun,youth
adjective,abrupt
adjective,acidic
adjective,adorable
adjective,adventurous
adjective,aggressive
adjective,agitated
adjective,alert
adjective,aloof
adjective,amiable
adjective,amused
adjective,annoyed
adjective,antsy
adjective,anxious
adjective,appalling
adjective,appetizing
adjective,apprehensive
adjective,arrogant
adjective,ashamed
adjective,astonishing
adjective,attractive
adjective,average
adjective,batty
adjective,beefy
adjective,bewildered
adjective,biting
adjective,bitter
adjective,bland
adjective,blushing
adjective,bored
adjective,brave
adjective,bright
adjective,broad
adjective,bulky
adjective,burly
adjective,charming
adjective,cheeky
adjective,cheerful
adjective,chubby
adjective,clean
adjective,clear
adjective,cloudy
adjective,clueless
adjective,clumsy
adjective,colorful
adjective,colossal
adjective,combative
adjective,comfortable
adjective,condemned
adjective,condescending
adjective,confused
adjective,contemplative
adjective,convincing
adjective,convoluted
adjective,cooperative
adjective,corny
adjective,costly
adjective,courageous
adjective,crabby
adjective,creepy
adjective,crooked
adjective,cruel
adjective,cumbersome
adjective,curved
adjective,cynical
adjective,dangerous
adjective,dashing
adjective,decayed
adjective,deceitful
adjective,deep
adjective,defeated
adjective,defiant
adjective,delicious
adjective,delightful
adjective,depraved
adjective,depressed
adjective,despicable
adjective,determined
adjective,dilapidated
adjective,diminutive
adjective,disgusted
adjective,distinct
adjective,distraught
adjective,distressed
adjective,disturbed
adjective,dizzy
adjective,drab
adjective,drained
adjective,dull
adjective,eager
adjective,ecstatic
adjective,elated
adjective,elegant
adjective,emaciated
adjective,embarrassed
adjective,enchanting
adjective,encouraging
adjective,energetic
adjective,enormous
adjective,enthusiastic
adjective,envious
adjective,exasperated
adjective,excited
adjective,exhilarated
adjective,extensive
adjective,exuberant
adjective,fancy
adjective,fantastic
adjective,fierce
adjective,filthy
adjective,flat
adjective,floppy
adjective,fluttering
adjective,foolish
adjective,frantic
adjective,fresh
adjective,friendly
adjective,frightened
adjective,frothy
adjective,frustrating
adjective,funny
adjective,fuzzy
adjective,gaudy
adjective,gentle
adjective,ghastly
adjective,giddy
adjective,gigantic
adjective,glamorous
adjective,gleaming
adjective,glorious
adjective,gorgeous
adjective,graceful
adjective,greasy
adjective,grieving
adjective,gritty
adjective,grotesque
adjective,grubby
adjective,grumpy
adjective,handsome
adjective,happy
adjective,harebrained
adjective,healthy
adjective,helpful
adjective,helpless
adjective,high
adjective,hollow
adjective,homely
adjective,horrific
adjective,huge
adjective,hungry
adjective,hurt
adjective,icy
adjective,ideal
adjective,immense
adjective,impressionable
adjective,intrigued
adjective,irate
adjective,irritable
adjective,itchy
adjective,jealous
adjective,jittery
adjective,jolly
adjective,joyous
adjective,filthy
adjective,flat
adjective,floppy
adjective,fluttering
adjective,foolish
adjective,frantic
adjective,fresh
adjective,friendly
adjective,frightened
adjective,frothy
adjective,frustrating
adjective,funny
adjective,fuzzy
adjective,gaudy
adjective,gentle
adjective,ghastly
adjective,giddy
adjective,gigantic
adjective,glamorous
adjective,gleaming
adjective,glorious
adjective,gorgeous
adjective,graceful
adjective,greasy
adjective,grieving
adjective,gritty
adjective,grotesque
adjective,grubby
adjective,grumpy
adjective,handsome
adjective,harebrained
adjective,healthy
adjective,helpful
adjective,helpless
adjective,high
adjective,hollow
adjective,homely
adjective,horrific
adjective,huge
adjective,hungry
adjective,hurt
adjective,icy
adjective,immense
adjective,impressionable
adjective,intrigued
adjective,irate
adjective,irritable
adjective,jittery
adjective,jolly
adjective,joyous
adjective,jumpy
adjective,kind
adjective,lackadaisical
adjective,large
adjective,lethal
adjective,little
adjective,lively
adjective,livid
adjective,lonely
adjective,loose
adjective,lovely
adjective,lucky
adjective,ludicrous
adjective,macho
adjective,magnificent
adjective,mammoth
adjective,maniacal
adjective,massive
adjective,melancholy
adjective,melted
adjective,miniature
adjective,minute
adjective,mistaken
adjective,misty
adjective,moody
adjective,mortified
adjective,motionless
adjective,muddy
adjective,mysterious
adjective,narrow
adjective,nasty
adjective,naughty
adjective,nervous
adjective,nonchalant
adjective,nonsensical
adjective,nutritious
adjective,nutty
adjective,obedient
adjective,oblivious
adjective,obnoxious
adjective,odd
adjective,old-fashioned
adjective,outrageous
adjective,panicky
adjective,perfect
adjective,perplexed
adjective,petite
adjective,petty
adjective,pleasant
adjective,poised
adjective,pompous
adjective,prickly
adjective,proud
adjective,pungent
adjective,puny
adjective,quaint
adjective,ratty
adjective,reassured
adjective,relieved
adjective,responsive
adjective,ripe
adjective,robust
adjective,rotten
adjective,rotund
adjective,rough
adjective,round
adjective,salty
adjective,sarcastic
adjective,scant
adjective,scary
adjective,scattered
adjective,scrawny
adjective,selfish
adjective,shaggy
adjective,shaky
adjective,shallow
adjective,sharp
adjective,shiny
adjective,short
adjective,silky
adjective,silly
adjective,slimy
adjective,slippery
adjective,small
adjective,smarmy
adjective,smiling
adjective,smoggy
adjective,smooth
adjective,smug
adjective,soggy
adjective,solid
adjective,sore
adjective,sour
adjective,sparkling
adjective,spicy
adjective,splendid
adjective,spotless
adjective,square
adjective,stale
adjective,steady
adjective,steep
adjective,responsive
adjective,sticky
adjective,stormy
adjective,stout
adjective,straight
adjective,strange
adjective,strong
adjective,stunning
adjective,substantial
adjective,successful
adjective,succulent
adjective,superficial
adjective,superior
adjective,swanky
adjective,sweet
adjective,tart
adjective,tasty
adjective,teeny
adjective,tender
adjective,tense
adjective,terrible
adjective,testy
adjective,thankful
adjective,thick
adjective,thoughtful
adjective,thoughtless
adjective,tight
adjective,timely
adjective,tricky
adjective,trite
adjective,troubled
adjective,twitter pated
adjective,unsightly
adjective,upset
adjective,uptight
adjective,vast
adjective,vexed
adjective,victorious
adjective,virtuous
adjective,vivacious
adjective,vivid
adjective,wacky
adjective,weary
adjective,whimsical
adjective,whopping
adjective,wicked
adjective,wobbly
adjective,wonderful
adjective,yummy
adjective,zany
adjective,zealous
adjective,zippy
